[
    {
        "model": "contenttypes.contenttype",
        "pk": 1,
        "fields": {
            "app_label": "admin",
            "model": "logentry"
        }
    },
    {
        "model": "contenttypes.contenttype",
        "pk": 2,
        "fields": {
            "app_label": "auth",
            "model": "group"
        }
    },
    {
        "model": "contenttypes.contenttype",
        "pk": 3,
        "fields": {
            "app_label": "auth",
            "model": "permission"
        }
    },
    {
        "model": "contenttypes.contenttype",
        "pk": 4,
        "fields": {
            "app_label": "auth",
            "model": "user"
        }
    },
    {
        "model": "contenttypes.contenttype",
        "pk": 5,
        "fields": {
            "app_label": "contenttypes",
            "model": "contenttype"
        }
    },
    {
        "model": "contenttypes.contenttype",
        "pk": 6,
        "fields": {
            "app_label": "sessions",
            "model": "session"
        }
    },
    {
        "model": "contenttypes.contenttype",
        "pk": 7,
        "fields": {
            "app_label": "main",
            "model": "skill"
        }
    },
    {
        "model": "contenttypes.contenttype",
        "pk": 8,
        "fields": {
            "app_label": "main",
            "model": "projectskill"
        }
    },
    {
        "model": "contenttypes.contenttype",
        "pk": 9,
        "fields": {
            "app_label": "main",
            "model": "skilltypechoices"
        }
    },
    {
        "model": "contenttypes.contenttype",
        "pk": 10,
        "fields": {
            "app_label": "main",
            "model": "project"
        }
    },
    {
        "model": "contenttypes.contenttype",
        "pk": 12,
        "fields": {
            "app_label": "main",
            "model": "message"
        }
    },
    {
        "model": "contenttypes.contenttype",
        "pk": 13,
        "fields": {
            "app_label": "main",
            "model": "projectimage"
        }
    },
    {
        "model": "sessions.session",
        "pk": "acby0jcs3bxhn64a781xk2xttqc0rm0e",
        "fields": {
            "session_data": "OGZiZTAyMzk5MWIzYjFkMjRjYjJiNGM2YWQ3N2E4OTRhODQ3YjZhODp7InVzZXJuYW1lIjoiam9zaHVhZGFuaWVsQGZ1bGxlci5lZHUiLCJ1c2VyX2ZpcnN0IjoiSm9zaHVhIiwidXNlcl9pZCI6Mn0=",
            "expire_date": "2018-02-06T02:54:31.716Z"
        }
    },
    {
        "model": "sessions.session",
        "pk": "d39dbwzlqauynbeb2b07mw37dscfkqlk",
        "fields": {
            "session_data": "ZjJkNDQyNjkyYTY5NzgyMTQxMGM3MzJmYjJjYjUxZjliZDhiOWQ4Mjp7ImZvcm1fZGF0YSI6eyJpbXBhY3QiOiJPbmUtd2VlayBjb2Rpbmcgc3ByaW50IG9uIGEgc21hbGwgdGVhbSBvZiB0d28gZGV2ZWxvcGVycyBhdCBDb2RpbmcgRG9qby4gSSBkZXZlbG9wZWQgdGhlIGJhY2stIGFuZCBmcm9udC1lbmQgZmVhdHVyZXMgZm9yIHVzZXJzIHRvIGNyZWF0ZSBwYWdlcyBmb3IgYnVzaW5lc3Nlcywgc2VhcmNoIGZvciBidXNpbmVzc2VzLCBnZW5lcmF0ZSBhIHJldmlldyBvbiBhIGJ1c2luZXNzLiIsInByb2plY3RfbmFtZSI6IllvZGVsIiwic3VidGl0bGUiOiJVc2VyIFJldmlld3MgYW5kIFJlY29tbWVuZGF0aW9ucyIsImRlc2NyaXB0aW9uIjoiVGhlIHdvcmxkIG5lZWRzIG1vcmUgeW9kZWxlcnMuIFlvZGVsIHByb3ZpZGVzIHVzZXJzIGEgcGxhdGZvcm0gdG8gc2hvdXQgb3V0IHJldmlld3MgZm9yIGxvY2FsIHJlc3RhdXJhbnRzLCBiYXJzLCBzZXJ2aWNlIHByb3ZpZGVycywgYW5kIG90aGVyIHBsYWNlcyBvZiBidXNpbmVzcy4iLCJza2lsbHMiOlsxLDIsMyw1LDgsMTcsMTgsMjIsMjRdLCJwcm9qZWN0X3RpbWVsaW5lIjoiMjAxNy0xMS0yNSIsImRlcGxveV91cmwiOiIiLCJmZWF0X29yZGVyIjozLCJjb2RlX3VybCI6Imh0dHBzOi8vZ2l0aHViLmNvbS9qZGp1c3RkYXRhL1llbHAifSwiX2F1dGhfdXNlcl9oYXNoIjoiNmI1ZWEwMmEzMDQzNGViYTBiZjYwMjhjM2M3M2QxMjdkYzhkZjU1OCIsIl9hdXRoX3VzZXJfYmFja2VuZCI6ImRqYW5nby5jb250cmliLmF1dGguYmFja2VuZHMuTW9kZWxCYWNrZW5kIiwiX2F1dGhfdXNlcl9pZCI6IjEifQ==",
            "expire_date": "2018-02-22T04:59:05.620Z"
        }
    },
    {
        "model": "sessions.session",
        "pk": "ijunp8cfzbn1mbzob4s0q06l3rscvft9",
        "fields": {
            "session_data": "OGZiZTAyMzk5MWIzYjFkMjRjYjJiNGM2YWQ3N2E4OTRhODQ3YjZhODp7InVzZXJuYW1lIjoiam9zaHVhZGFuaWVsQGZ1bGxlci5lZHUiLCJ1c2VyX2ZpcnN0IjoiSm9zaHVhIiwidXNlcl9pZCI6Mn0=",
            "expire_date": "2018-01-30T21:57:25.909Z"
        }
    },
    {
        "model": "sessions.session",
        "pk": "lnrnlysdpuwinctpqjv5uc7szuitia70",
        "fields": {
            "session_data": "ZDI5NThkNzcxMzg0NWVhNzNkMjcxOGM5YThkZmVkZWQzMDk1ODY1NDp7fQ==",
            "expire_date": "2018-01-31T22:27:19.601Z"
        }
    },
    {
        "model": "sessions.session",
        "pk": "pxzrogj0n5gjy696015erko75ws8mwlt",
        "fields": {
            "session_data": "ODI0ZmU4OTQ3MmUzMTI4NDQ0MGMxZWYwZDUyNGRkMWQxM2YxMjk2MDp7ImZvcm1fZXJyb3JzIjoie1wibGFzdF9uYW1lXCI6IFt7XCJtZXNzYWdlXCI6IFwiVGhpcyBmaWVsZCBpcyByZXF1aXJlZC5cIiwgXCJjb2RlXCI6IFwicmVxdWlyZWRcIn1dLCBcInBhc3N3b3JkXCI6IFt7XCJtZXNzYWdlXCI6IFwiUGFzc3dvcmQgbXVzdCBjb250YWluIGF0IGxlYXN0IG9uZSBkaWdpdCwgbG93ZXIgY2FzZSBsZXR0ZXIsIGFuZCB1cHBlciBjYXNlIGxldHRlcjsgc3BlY2lhbCBjaGFyYWN0ZXJzIGFyZSBvcHRpb25hbFwiLCBcImNvZGVcIjogXCJpbnZhbGlkXCJ9XSwgXCJfX2FsbF9fXCI6IFt7XCJtZXNzYWdlXCI6IFwiUGFzc3dvcmQgYW5kIENvbmZpcm1hdGlvbiBkbyBub3QgbWF0Y2hcIiwgXCJjb2RlXCI6IFwiXCJ9XX0iLCJ1c2VyX2lkIjoxfQ==",
            "expire_date": "2018-01-30T20:30:51.989Z"
        }
    },
    {
        "model": "sessions.session",
        "pk": "ucote6vtxlwmhv0bqos9yo9rr3nopak0",
        "fields": {
            "session_data": "OGZiZTAyMzk5MWIzYjFkMjRjYjJiNGM2YWQ3N2E4OTRhODQ3YjZhODp7InVzZXJuYW1lIjoiam9zaHVhZGFuaWVsQGZ1bGxlci5lZHUiLCJ1c2VyX2ZpcnN0IjoiSm9zaHVhIiwidXNlcl9pZCI6Mn0=",
            "expire_date": "2018-01-31T03:03:03.943Z"
        }
    },
    {
        "model": "sessions.session",
        "pk": "ufwjzlfoj3vtkkh3czugi1dl0jzvozno",
        "fields": {
            "session_data": "Y2U4YTYzNTEyN2RmN2FmMTFjOWZlYjY4YzUwYWRhMGViMjJkZTY3MDp7InVzZXJuYW1lIjoiam9zaHVhZGFuaWVsQGZ1bGxlci5lZHUiLCJ1c2VyX2lkIjoyLCJ1c2VyX2ZpcnN0IjoiSm9zaHVhIn0=",
            "expire_date": "2018-01-31T15:16:36.633Z"
        }
    },
    {
        "model": "main.skill",
        "pk": 1,
        "fields": {
            "skill_name": "HTML5",
            "skill_type": "LN",
            "logo_url": "base/img/logos/HTML5_Logo_512.png",
            "skill_level": 5,
            "created_at": "2018-01-17T03:04:09.111Z",
            "updated_at": "2018-01-17T03:04:09.111Z"
        }
    },
    {
        "model": "main.skill",
        "pk": 2,
        "fields": {
            "skill_name": "CSS3",
            "skill_type": "LN",
            "logo_url": "base/img/logos/CSS.3.svg.png",
            "skill_level": 5,
            "created_at": "2018-01-17T03:16:29.899Z",
            "updated_at": "2018-01-17T03:16:29.899Z"
        }
    },
    {
        "model": "main.skill",
        "pk": 3,
        "fields": {
            "skill_name": "JavaScript",
            "skill_type": "LN",
            "logo_url": "base/img/logos/Badge_js.svg.png",
            "skill_level": 4,
            "created_at": "2018-01-17T06:19:09.276Z",
            "updated_at": "2018-01-17T06:19:09.276Z"
        }
    },
    {
        "model": "main.skill",
        "pk": 4,
        "fields": {
            "skill_name": "Python",
            "skill_type": "LN",
            "logo_url": "base/img/logos/Badge_Python.svg.png",
            "skill_level": 4,
            "created_at": "2018-01-17T06:19:31.886Z",
            "updated_at": "2018-01-17T06:19:31.886Z"
        }
    },
    {
        "model": "main.skill",
        "pk": 5,
        "fields": {
            "skill_name": "C#",
            "skill_type": "LN",
            "logo_url": "base/img/logos/csharp_logo.svg",
            "skill_level": 3,
            "created_at": "2018-01-17T06:21:35.360Z",
            "updated_at": "2018-01-17T06:21:35.360Z"
        }
    },
    {
        "model": "main.skill",
        "pk": 6,
        "fields": {
            "skill_name": "Visual Basic for Applications (VBA)",
            "skill_type": "LN",
            "logo_url": "base/img/logos/VBA_logo.png",
            "skill_level": 4,
            "created_at": "2018-01-17T06:22:16.267Z",
            "updated_at": "2018-01-17T06:22:16.267Z"
        }
    },
    {
        "model": "main.skill",
        "pk": 7,
        "fields": {
            "skill_name": "Angular2/5",
            "skill_type": "FE",
            "logo_url": "base/img/logos/AngularJS-Shield-large.png",
            "skill_level": 4,
            "created_at": "2018-01-17T15:08:56.554Z",
            "updated_at": "2018-01-17T15:08:56.554Z"
        }
    },
    {
        "model": "main.skill",
        "pk": 8,
        "fields": {
            "skill_name": "jQuery",
            "skill_type": "FE",
            "logo_url": "base/img/logos/jquery.png",
            "skill_level": 4,
            "created_at": "2018-01-17T15:12:10.858Z",
            "updated_at": "2018-01-17T15:12:10.858Z"
        }
    },
    {
        "model": "main.skill",
        "pk": 9,
        "fields": {
            "skill_name": "jQuery UI",
            "skill_type": "FE",
            "logo_url": "base/img/logos/JQuery_UI_Logo.svg.png",
            "skill_level": 4,
            "created_at": "2018-01-17T15:14:20.176Z",
            "updated_at": "2018-01-17T15:14:20.177Z"
        }
    },
    {
        "model": "main.skill",
        "pk": 10,
        "fields": {
            "skill_name": "Twitter Bootstrap",
            "skill_type": "FE",
            "logo_url": "base/img/logos/bootstrap-stack.png",
            "skill_level": 4,
            "created_at": "2018-01-17T15:15:31.657Z",
            "updated_at": "2018-01-17T15:15:31.657Z"
        }
    },
    {
        "model": "main.skill",
        "pk": 11,
        "fields": {
            "skill_name": "Express.js",
            "skill_type": "BE",
            "logo_url": "base/img/logos/node-express.png",
            "skill_level": 4,
            "created_at": "2018-01-17T15:16:59.251Z",
            "updated_at": "2018-01-17T15:16:59.251Z"
        }
    },
    {
        "model": "main.skill",
        "pk": 12,
        "fields": {
            "skill_name": "Socket.io",
            "skill_type": "BE",
            "logo_url": "base/img/logos/socketio.png",
            "skill_level": 4,
            "created_at": "2018-01-17T15:18:43.503Z",
            "updated_at": "2018-01-17T15:18:43.503Z"
        }
    },
    {
        "model": "main.skill",
        "pk": 13,
        "fields": {
            "skill_name": "MEAN",
            "skill_type": "BE",
            "logo_url": "base/img/logos/mean.png",
            "skill_level": 4,
            "created_at": "2018-01-17T15:20:19.246Z",
            "updated_at": "2018-01-17T15:20:19.246Z"
        }
    },
    {
        "model": "main.skill",
        "pk": 14,
        "fields": {
            "skill_name": "Node.js",
            "skill_type": "BE",
            "logo_url": "base/img/logos/node-js-icon.png",
            "skill_level": 4,
            "created_at": "2018-01-17T15:20:52.652Z",
            "updated_at": "2018-01-17T15:20:52.652Z"
        }
    },
    {
        "model": "main.skill",
        "pk": 15,
        "fields": {
            "skill_name": "Flask",
            "skill_type": "BE",
            "logo_url": "base/img/logos/Flask.png",
            "skill_level": 4,
            "created_at": "2018-01-17T15:21:38.439Z",
            "updated_at": "2018-01-17T15:21:38.439Z"
        }
    },
    {
        "model": "main.skill",
        "pk": 16,
        "fields": {
            "skill_name": "Django",
            "skill_type": "BE",
            "logo_url": "base/img/logos/django_green.png",
            "skill_level": 4,
            "created_at": "2018-01-17T15:22:18.674Z",
            "updated_at": "2018-01-17T15:22:18.674Z"
        }
    },
    {
        "model": "main.skill",
        "pk": 17,
        "fields": {
            "skill_name": "Entity Framework",
            "skill_type": "BE",
            "logo_url": "base/img/logos/entity-framework.png",
            "skill_level": 4,
            "created_at": "2018-01-17T15:23:00.391Z",
            "updated_at": "2018-01-17T15:23:00.391Z"
        }
    },
    {
        "model": "main.skill",
        "pk": 18,
        "fields": {
            "skill_name": "ASP.NET Core",
            "skill_type": "BE",
            "logo_url": "base/img/logos/dotnet-core.png",
            "skill_level": 4,
            "created_at": "2018-01-17T15:23:36.559Z",
            "updated_at": "2018-01-17T15:23:36.559Z"
        }
    },
    {
        "model": "main.skill",
        "pk": 19,
        "fields": {
            "skill_name": "Object Oriented Programming (OOP)",
            "skill_type": "MT",
            "logo_url": "base/img/logos/oop.png",
            "skill_level": 4,
            "created_at": "2018-01-17T15:24:49.470Z",
            "updated_at": "2018-01-17T15:24:49.470Z"
        }
    },
    {
        "model": "main.skill",
        "pk": 20,
        "fields": {
            "skill_name": "Model-View-Controller (MVC)",
            "skill_type": "MT",
            "logo_url": "base/img/logos/mvc.png",
            "skill_level": 4,
            "created_at": "2018-01-17T15:25:30.531Z",
            "updated_at": "2018-01-17T15:25:30.531Z"
        }
    },
    {
        "model": "main.skill",
        "pk": 21,
        "fields": {
            "skill_name": "REST/RESTful",
            "skill_type": "MT",
            "logo_url": "base/img/logos/restful.png",
            "skill_level": 4,
            "created_at": "2018-01-17T15:26:30.216Z",
            "updated_at": "2018-01-17T15:26:30.216Z"
        }
    },
    {
        "model": "main.skill",
        "pk": 22,
        "fields": {
            "skill_name": "SQL",
            "skill_type": "DB",
            "logo_url": "base/img/logos/sql.png",
            "skill_level": 4,
            "created_at": "2018-01-17T15:27:20.751Z",
            "updated_at": "2018-01-17T15:27:20.752Z"
        }
    },
    {
        "model": "main.skill",
        "pk": 23,
        "fields": {
            "skill_name": "MySQL",
            "skill_type": "DB",
            "logo_url": "base/img/logos/mySQL.png",
            "skill_level": 4,
            "created_at": "2018-01-17T15:27:59.066Z",
            "updated_at": "2018-01-17T15:27:59.066Z"
        }
    },
    {
        "model": "main.skill",
        "pk": 24,
        "fields": {
            "skill_name": "PostgreSQL",
            "skill_type": "DB",
            "logo_url": "base/img/logos/postgreSQL.png",
            "skill_level": 4,
            "created_at": "2018-01-17T15:28:47.581Z",
            "updated_at": "2018-01-17T15:28:47.581Z"
        }
    },
    {
        "model": "main.skill",
        "pk": 25,
        "fields": {
            "skill_name": "NoSQL",
            "skill_type": "DB",
            "logo_url": "base/img/logos/nosql.png",
            "skill_level": 4,
            "created_at": "2018-01-17T15:29:42.497Z",
            "updated_at": "2018-01-17T15:29:42.497Z"
        }
    },
    {
        "model": "main.skill",
        "pk": 26,
        "fields": {
            "skill_name": "MongoDB",
            "skill_type": "DB",
            "logo_url": "base/img/logos/MongoDb.png",
            "skill_level": 4,
            "created_at": "2018-01-17T15:30:16.483Z",
            "updated_at": "2018-01-17T15:30:16.484Z"
        }
    },
    {
        "model": "main.skill",
        "pk": 27,
        "fields": {
            "skill_name": "Mongoose.js",
            "skill_type": "DB",
            "logo_url": "base/img/logos/mongoose.png",
            "skill_level": 4,
            "created_at": "2018-01-17T15:30:41.959Z",
            "updated_at": "2018-01-17T15:30:41.959Z"
        }
    },
    {
        "model": "main.skill",
        "pk": 28,
        "fields": {
            "skill_name": "Git",
            "skill_type": "TE",
            "logo_url": "base/img/logos/Git-Logo.png",
            "skill_level": 4,
            "created_at": "2018-01-17T15:31:31.018Z",
            "updated_at": "2018-01-17T15:31:31.018Z"
        }
    },
    {
        "model": "main.skill",
        "pk": 29,
        "fields": {
            "skill_name": "GitHub",
            "skill_type": "TE",
            "logo_url": "base/img/logos/github.png",
            "skill_level": 4,
            "created_at": "2018-01-17T15:31:54.310Z",
            "updated_at": "2018-01-17T15:31:54.310Z"
        }
    },
    {
        "model": "main.skill",
        "pk": 30,
        "fields": {
            "skill_name": "AJAX",
            "skill_type": "MT",
            "logo_url": "base/img/logos/AJAX_logo_by_gengns.svg.png",
            "skill_level": 4,
            "created_at": "2018-01-17T15:34:08.194Z",
            "updated_at": "2018-01-17T15:34:08.194Z"
        }
    },
    {
        "model": "main.skill",
        "pk": 31,
        "fields": {
            "skill_name": "Amazon Web Services (AWS) EC2",
            "skill_type": "TE",
            "logo_url": "base/img/logos/AmazonWebservices_Logo.svg.png",
            "skill_level": 4,
            "created_at": "2018-01-17T15:35:08.337Z",
            "updated_at": "2018-01-17T15:35:08.338Z"
        }
    },
    {
        "model": "main.skill",
        "pk": 32,
        "fields": {
            "skill_name": "Azure",
            "skill_type": "TE",
            "logo_url": "base/img/logos/azure.png",
            "skill_level": 4,
            "created_at": "2018-01-17T15:35:30.383Z",
            "updated_at": "2018-01-17T15:35:30.383Z"
        }
    },
    {
        "model": "main.skill",
        "pk": 33,
        "fields": {
            "skill_name": "CSV",
            "skill_type": "TE",
            "logo_url": "base/img/logos/csv-outline.png",
            "skill_level": 4,
            "created_at": "2018-01-17T15:35:51.734Z",
            "updated_at": "2018-01-17T15:35:51.734Z"
        }
    },
    {
        "model": "main.skill",
        "pk": 34,
        "fields": {
            "skill_name": "Font Awesome",
            "skill_type": "TE",
            "logo_url": "base/img/logos/font_awesome.png",
            "skill_level": 4,
            "created_at": "2018-01-17T15:36:17.072Z",
            "updated_at": "2018-01-17T15:36:17.072Z"
        }
    },
    {
        "model": "main.skill",
        "pk": 35,
        "fields": {
            "skill_name": "Google Maps API",
            "skill_type": "TE",
            "logo_url": "base/img/logos/google_maps_apis.png",
            "skill_level": 4,
            "created_at": "2018-01-17T15:36:37.869Z",
            "updated_at": "2018-01-17T15:36:37.869Z"
        }
    },
    {
        "model": "main.skill",
        "pk": 36,
        "fields": {
            "skill_name": "Heroku",
            "skill_type": "TE",
            "logo_url": "base/img/logos/heroku.png",
            "skill_level": 4,
            "created_at": "2018-01-17T15:36:55.833Z",
            "updated_at": "2018-01-17T15:36:55.833Z"
        }
    },
    {
        "model": "main.skill",
        "pk": 37,
        "fields": {
            "skill_name": "Microsoft Access",
            "skill_type": "TE",
            "logo_url": "base/img/logos/Microsoft_Access.svg.png",
            "skill_level": 4,
            "created_at": "2018-01-17T15:37:22.321Z",
            "updated_at": "2018-01-17T15:37:22.321Z"
        }
    },
    {
        "model": "main.skill",
        "pk": 38,
        "fields": {
            "skill_name": "Microsoft Excel",
            "skill_type": "TE",
            "logo_url": "base/img/logos/Microsoft_Excel.svg.png",
            "skill_level": 4,
            "created_at": "2018-01-17T15:37:44.604Z",
            "updated_at": "2018-01-17T15:37:44.604Z"
        }
    },
    {
        "model": "main.skill",
        "pk": 39,
        "fields": {
            "skill_name": "NPM (node.js)",
            "skill_type": "TE",
            "logo_url": "base/img/logos/npm-logo.svg.png",
            "skill_level": 4,
            "created_at": "2018-01-17T15:38:09.769Z",
            "updated_at": "2018-01-17T15:38:09.769Z"
        }
    },
    {
        "model": "main.skill",
        "pk": 40,
        "fields": {
            "skill_name": "PIP (Python)",
            "skill_type": "TE",
            "logo_url": "base/img/logos/python-pip-logo.png",
            "skill_level": 4,
            "created_at": "2018-01-17T15:38:33.678Z",
            "updated_at": "2018-01-17T15:38:33.678Z"
        }
    },
    {
        "model": "main.skill",
        "pk": 41,
        "fields": {
            "skill_name": "reCaptcha",
            "skill_type": "TE",
            "logo_url": "base/img/logos/reCAPTCHA_logo.png",
            "skill_level": 4,
            "created_at": "2018-01-17T15:38:52.968Z",
            "updated_at": "2018-01-17T15:38:52.968Z"
        }
    },
    {
        "model": "main.skill",
        "pk": 42,
        "fields": {
            "skill_name": "Yeoman",
            "skill_type": "TE",
            "logo_url": "base/img/logos/yeoman-logo.png",
            "skill_level": 4,
            "created_at": "2018-01-17T15:39:13.170Z",
            "updated_at": "2018-01-17T15:39:13.170Z"
        }
    },
    {
        "model": "main.project",
        "pk": 5,
        "fields": {
            "project_name": "YourCribs",
            "subtitle": "Travel Lodging Marketplace",
            "description": "YourCribs provides users an opportunity to find, book and host private and unique sleeping accommodations (\"cribs\") across the United States. Users book locations from private hosts, and can message hosts and review \"cribs\" after their visit.",
            "impact": "One-week coding sprint on a small team of two developers at Coding Dojo. I developed the back- and front-end features for users to host and book places, including logic to block users from booking a location on dates that already have a scheduled booking.",
            "deploy_url": "",
            "code_url": "https://github.com/jdjustdata/airBnB",
            "featimage_url": "project/5/yourcribs.PNG",
            "feat_order": 4,
            "video_url": "",
            "project_timeline": "2017-10-27",
            "created_at": "2018-01-23T21:55:38.892Z",
            "updated_at": "2018-01-30T18:56:31.502Z",
            "skills": [
                1,
                2,
                3,
                4,
                8,
                9,
                16,
                22,
                29
            ]
        }
    },
    {
        "model": "main.project",
        "pk": 6,
        "fields": {
            "project_name": "JoshuaDanielCodes",
            "subtitle": "Personal Portfolio",
            "description": "Yes, the page you are currently viewing. I built this page from scratch, using some inspiration from other portfolio examples. But it is not simply a single-page application. I used Python's Django framework to build a back end application to help me manage the page features.",
            "impact": "Each of the sections of the page you are viewing are separate components or text files. The back end application provides features to manage skills, projects, images, site traffic, and messaging services. The page makes heavy use of JavaScript and AJAX.",
            "deploy_url": "",
            "code_url": "",
            "featimage_url": "project/6/portfolio.PNG",
            "feat_order": 1,
            "video_url": "",
            "project_timeline": "2018-01-23",
            "created_at": "2018-01-24T06:18:20.335Z",
            "updated_at": "2018-01-31T16:09:11.623Z",
            "skills": [
                1,
                2,
                3,
                4,
                8,
                16,
                22,
                30
            ]
        }
    },
    {
        "model": "main.project",
        "pk": 9,
        "fields": {
            "project_name": "#DojoSlack",
            "subtitle": "Chat Messaging",
            "description": "DojoSlack provides asynchronous chat messaging for collaborative teams. Teams may organize and search conversations on separate channels.",
            "impact": "One-week coding sprint on a small team of three developers at Coding Dojo. I developed the back- and front-end features for asynchronous messaging services with heavy use of Angular's observables.",
            "deploy_url": "",
            "code_url": "",
            "featimage_url": "",
            "feat_order": 2,
            "video_url": "",
            "project_timeline": "2017-12-22",
            "created_at": "2018-01-30T19:14:07.796Z",
            "updated_at": "2018-01-30T19:14:08.109Z",
            "skills": [
                1,
                2,
                3,
                7,
                11,
                13,
                25,
                26,
                27
            ]
        }
    },
    {
        "model": "main.project",
        "pk": 10,
        "fields": {
            "project_name": "Yodel",
            "subtitle": "User Reviews and Recommendations",
            "description": "The world needs more yodelers. Yodel provides users a platform to shout out reviews for local restaurants, bars, service providers, and other places of business.",
            "impact": "One-week coding sprint on a small team of two developers at Coding Dojo. I developed the back- and front-end features for users to create pages for businesses, search for businesses, generate a review on a business.",
            "deploy_url": "",
            "code_url": "https://github.com/jdjustdata/Yelp",
            "featimage_url": "project/10/yodel4.png",
            "feat_order": 3,
            "video_url": "",
            "project_timeline": "2017-11-25",
            "created_at": "2018-01-30T19:33:11.739Z",
            "updated_at": "2018-01-31T00:10:09.115Z",
            "skills": [
                1,
                2,
                3,
                5,
                8,
                17,
                18,
                22,
                24
            ]
        }
    },
    {
        "model": "main.project",
        "pk": 11,
        "fields": {
            "project_name": "Refugee Case Management",
            "subtitle": "Nonprofit Case Management Application",
            "description": "Case Management tracks critical case information for refugee families that recently arrived in the United States and are adjusting to their new surroundings. The database maintains personal information, case notes, financial expenses, health information, and progress toward defined objectives. I significantly expanded the database features and functions to aggregate data, auto-generate management reports, correlate case data with other important metrics, and simplify the user interface for ease-of-use. The new features significantly reduced the amount of time required to complete compliance audits and increased staff capacity to handle a 33% surge in operations.",
            "impact": "While this was an outdated Microsoft Access database project, the work I did on this had a profound impact on World Relief's operations, and provided the motivation to pursue web-based database development. \r\nTimeframe: 2014-2016",
            "deploy_url": "https://worldreliefchicago.org/",
            "code_url": "",
            "featimage_url": "",
            "feat_order": 20,
            "video_url": "",
            "project_timeline": "2015-12-25",
            "created_at": "2018-01-30T19:56:30.703Z",
            "updated_at": "2018-01-30T19:56:30.824Z",
            "skills": [
                6,
                37,
                38
            ]
        }
    },
    {
        "model": "main.project",
        "pk": 12,
        "fields": {
            "project_name": "Refugee Volunteer Manager",
            "subtitle": "Nonprofit Volunteer Management",
            "description": "Volunteer manager provides an integrated volunteer and donor relationship manager (similar to a CRM platform) for World Relief, a Chicago-based nonprofit refugee resettlement agency. When I started working at World Relief, I noticed that the volunteer managers lost a lot of time and energy attempting to keep track of an extensive network of volunteers through numerous complicated spreadsheets. I offered to create a new database system that would help them track volunteers more efficiently. Volunteer Manager tracks volunteers through an application system, events volunteers attend, organizations or churches the volunteers are related to, and connects volunteers to the Refugee Case Management application. The database also tracks donor information and generates aggregate reports for management.\r\n\r\nThe deployed database saved World Relief many hours of work effort every month, and substantially increased staff capacity to know volunteers and assign them to work tasks more effectively.",
            "impact": "While this was an outdated Microsoft Access database project, the work I did on this had a profound impact on World Relief's operations, and provided the motivation to pursue web-based database development. \r\nTimeframe: 2016",
            "deploy_url": "https://worldreliefchicago.org/",
            "code_url": "",
            "featimage_url": "",
            "feat_order": 21,
            "video_url": "",
            "project_timeline": "2016-12-25",
            "created_at": "2018-01-30T20:13:57.248Z",
            "updated_at": "2018-01-30T20:13:57.372Z",
            "skills": [
                6,
                37,
                38
            ]
        }
    },
    {
        "model": "main.project",
        "pk": 13,
        "fields": {
            "project_name": "Candymaker",
            "subtitle": "",
            "description": "Modified Yeoman Generator built to create a new ASP.NET Core 2.0 project. This was a personal project to simplify the process of creating new .NET projects. Automatically generates a new project with Bootstrap and jQuery frameworks, a MySql or Postgres database connection, and named controllers, factories, filters, models, and views.",
            "impact": "",
            "deploy_url": "",
            "code_url": "https://github.com/jdjustdata/CANDYMAKER",
            "featimage_url": "project/13/yeoman-character-sticker.51cef7e007.png",
            "feat_order": 19,
            "video_url": "",
            "project_timeline": "2017-11-17",
            "created_at": "2018-01-30T21:29:52.097Z",
            "updated_at": "2018-01-30T21:53:08.412Z",
            "skills": [
                3,
                5,
                18,
                42
            ]
        }
    },
    {
        "model": "main.projectimage",
        "pk": 53,
        "fields": {
            "project": 5,
            "img_url": "project/5/screenshot.PNG",
            "caption": "",
            "order": 1,
            "created_at": "2018-01-30T18:56:12.530Z",
            "updated_at": "2018-01-30T18:56:12.530Z"
        }
    },
    {
        "model": "main.projectimage",
        "pk": 54,
        "fields": {
            "project": 5,
            "img_url": "project/5/yourcribs.PNG",
            "caption": "",
            "order": 0,
            "created_at": "2018-01-30T18:56:22.116Z",
            "updated_at": "2018-01-30T18:56:22.116Z"
        }
    },
    {
        "model": "main.projectimage",
        "pk": 55,
        "fields": {
            "project": 13,
            "img_url": "project/13/yeoman-character-sticker.51cef7e007.png",
            "caption": "Yeoman Generator",
            "order": 1,
            "created_at": "2018-01-30T21:53:04.619Z",
            "updated_at": "2018-01-30T21:53:04.619Z"
        }
    },
    {
        "model": "main.projectimage",
        "pk": 56,
        "fields": {
            "project": 13,
            "img_url": "project/13/yeoman-candymaker.PNG",
            "caption": "Quickly generate a new ASP.NET Core 2.0 Project",
            "order": 2,
            "created_at": "2018-01-30T21:53:34.846Z",
            "updated_at": "2018-01-31T00:37:06.045Z"
        }
    },
    {
        "model": "main.projectimage",
        "pk": 57,
        "fields": {
            "project": 6,
            "img_url": "project/6/Portfolio_Admin.gif",
            "caption": "",
            "order": 2,
            "created_at": "2018-01-30T23:31:48.876Z",
            "updated_at": "2018-01-30T23:31:48.876Z"
        }
    },
    {
        "model": "main.projectimage",
        "pk": 58,
        "fields": {
            "project": 10,
            "img_url": "project/10/yodel4.png",
            "caption": "",
            "order": 1,
            "created_at": "2018-01-31T00:09:15.145Z",
            "updated_at": "2018-01-31T00:09:15.145Z"
        }
    },
    {
        "model": "main.projectimage",
        "pk": 59,
        "fields": {
            "project": 10,
            "img_url": "project/10/yodel_screen1.PNG",
            "caption": "Search for Local Businesses",
            "order": 2,
            "created_at": "2018-01-31T00:10:03.351Z",
            "updated_at": "2018-01-31T00:10:03.351Z"
        }
    },
    {
        "model": "main.projectimage",
        "pk": 60,
        "fields": {
            "project": 10,
            "img_url": "project/10/yodel_screen2.PNG",
            "caption": "View Local Business Location and Hours",
            "order": 3,
            "created_at": "2018-01-31T00:10:37.328Z",
            "updated_at": "2018-01-31T00:10:37.328Z"
        }
    },
    {
        "model": "main.projectimage",
        "pk": 61,
        "fields": {
            "project": 10,
            "img_url": "project/10/yodel_screen3.PNG",
            "caption": "Review Local Businesses",
            "order": 4,
            "created_at": "2018-01-31T00:10:54.535Z",
            "updated_at": "2018-01-31T00:10:54.535Z"
        }
    },
    {
        "model": "main.projectimage",
        "pk": 62,
        "fields": {
            "project": 6,
            "img_url": "project/6/portfolio.PNG",
            "caption": "",
            "order": 0,
            "created_at": "2018-01-31T16:09:05.640Z",
            "updated_at": "2018-01-31T16:09:05.640Z"
        }
    },
    {
        "model": "main.message",
        "pk": 1,
        "fields": {
            "sender_name": "New Test",
            "sender_email": "em@email.com",
            "subject": "Portfolio Webpage Followup",
            "message_text": "first test after adding a subject line to the message.\r\n\r\n- New",
            "message_sent": "2018-01-19T16:37:42.002Z"
        }
    },
    {
        "model": "main.message",
        "pk": 5,
        "fields": {
            "sender_name": "Test Message",
            "sender_email": "em@email.com",
            "subject": "Portfolio Webpage Followup",
            "message_text": "testing a new message with an automatic reply",
            "message_sent": "2018-01-19T19:06:12.676Z"
        }
    },
    {
        "model": "main.message",
        "pk": 8,
        "fields": {
            "sender_name": "Test Message",
            "sender_email": "em@email.com",
            "subject": "Portfolio Webpage Followup",
            "message_text": "testing after changing settings.py",
            "message_sent": "2018-01-19T21:22:51.529Z"
        }
    },
    {
        "model": "main.message",
        "pk": 9,
        "fields": {
            "sender_name": "Test Message",
            "sender_email": "em@email.com",
            "subject": "Portfolio Webpage Followup",
            "message_text": "test again on settings.py",
            "message_sent": "2018-01-19T21:26:16.160Z"
        }
    },
    {
        "model": "main.message",
        "pk": 10,
        "fields": {
            "sender_name": "Test Message",
            "sender_email": "em@email.com",
            "subject": "Portfolio Webpage Followup",
            "message_text": "testing a new settings configuration",
            "message_sent": "2018-01-19T21:35:32.216Z"
        }
    },
    {
        "model": "main.message",
        "pk": 11,
        "fields": {
            "sender_name": "Test Message",
            "sender_email": "em@email.com",
            "subject": "Portfolio Webpage Followup",
            "message_text": "testing once again",
            "message_sent": "2018-01-19T21:40:40.893Z"
        }
    },
    {
        "model": "main.message",
        "pk": 12,
        "fields": {
            "sender_name": "Me Again",
            "sender_email": "joshuadaniel@fuller.edu",
            "subject": "Portfolio Webpage Followup",
            "message_text": "My first official test sending an email over the internet!",
            "message_sent": "2018-01-19T21:57:01.159Z"
        }
    },
    {
        "model": "main.message",
        "pk": 13,
        "fields": {
            "sender_name": "Harold Green",
            "sender_email": "joshuadaniel@fuller.edu",
            "subject": "Followup to your portfolio",
            "message_text": "Hey, I really like what you've done on your webpage! Keep up the good work.\r\n\r\nSincerely,\r\nHarold",
            "message_sent": "2018-01-19T22:51:15.814Z"
        }
    },
    {
        "model": "main.message",
        "pk": 14,
        "fields": {
            "sender_name": "Sarah Green",
            "sender_email": "joshuadaniel@fuller.edu",
            "subject": "Followup to joshuadanielcodes.com",
            "message_text": "One more test email with updated messaging and subject line.\r\n\r\nLooking much better!\r\n- Sarah",
            "message_sent": "2018-01-19T22:57:12.533Z"
        }
    },
    {
        "model": "main.message",
        "pk": 15,
        "fields": {
            "sender_name": "Chocolate Chip",
            "sender_email": "joshuadaniel@fuller.edu",
            "subject": "Followup to joshuadanielcodes.com",
            "message_text": "Testing a new layout option",
            "message_sent": "2018-01-19T23:09:12.373Z"
        }
    },
    {
        "model": "main.message",
        "pk": 16,
        "fields": {
            "sender_name": "Not a Robot",
            "sender_email": "joshuadaniel@fuller.edu",
            "subject": "Followup to joshuadanielcodes.com",
            "message_text": "gotta do another test",
            "message_sent": "2018-01-19T23:11:42.105Z"
        }
    },
    {
        "model": "main.message",
        "pk": 17,
        "fields": {
            "sender_name": "Pumpkin Face",
            "sender_email": "douglasselph@gmail.com",
            "subject": "Followup to joshuadanielcodes.com",
            "message_text": "The pumpkins are hatching",
            "message_sent": "2018-01-22T00:26:10.228Z"
        }
    },
    {
        "model": "main.message",
        "pk": 18,
        "fields": {
            "sender_name": "Pumpkin Face",
            "sender_email": "douglasselph@gmail.com",
            "subject": "Followup to joshuadanielcodes.com",
            "message_text": "The pumpkins are hatching",
            "message_sent": "2018-01-22T00:26:13.214Z"
        }
    },
    {
        "model": "main.message",
        "pk": 19,
        "fields": {
            "sender_name": "Pumpkin Face",
            "sender_email": "douglasselph@gmail.com",
            "subject": "Followup to joshuadanielcodes.com",
            "message_text": "The pumpkins are hatching",
            "message_sent": "2018-01-22T00:26:13.997Z"
        }
    },
    {
        "model": "main.message",
        "pk": 20,
        "fields": {
            "sender_name": "Pumpkin Face",
            "sender_email": "douglasselph@gmail.com",
            "subject": "Followup to joshuadanielcodes.com",
            "message_text": "The pumpkins are hatching",
            "message_sent": "2018-01-22T00:26:14.148Z"
        }
    },
    {
        "model": "main.message",
        "pk": 21,
        "fields": {
            "sender_name": "Pumpkin Face",
            "sender_email": "douglasselph@gmail.com",
            "subject": "Followup to joshuadanielcodes.com",
            "message_text": "The pumpkins are hatching",
            "message_sent": "2018-01-22T00:26:14.295Z"
        }
    },
    {
        "model": "main.message",
        "pk": 22,
        "fields": {
            "sender_name": "JDaniel",
            "sender_email": "joshuadaniel@fuller.edu",
            "subject": "Followup to joshuadanielcodes.com",
            "message_text": "testing message response",
            "message_sent": "2018-01-22T00:32:10.286Z"
        }
    },
    {
        "model": "main.message",
        "pk": 23,
        "fields": {
            "sender_name": "BB",
            "sender_email": "blackwood1254@gmail.com",
            "subject": "Followup to joshuadanielcodes.com",
            "message_text": "whoa!!!!!!!",
            "message_sent": "2018-01-22T01:11:36.595Z"
        }
    },
    {
        "model": "main.message",
        "pk": 24,
        "fields": {
            "sender_name": "BB",
            "sender_email": "blackwood1254@gmail.com",
            "subject": "Followup to joshuadanielcodes.com",
            "message_text": "whoa!!!!!!!",
            "message_sent": "2018-01-22T01:11:36.630Z"
        }
    },
    {
        "model": "main.message",
        "pk": 25,
        "fields": {
            "sender_name": "Test Message",
            "sender_email": "joshuadaniel@fuller.edu",
            "subject": "Followup to joshuadanielcodes.com",
            "message_text": "testing modal appearance after send",
            "message_sent": "2018-01-22T01:33:52.146Z"
        }
    },
    {
        "model": "main.message",
        "pk": 26,
        "fields": {
            "sender_name": "Test Message",
            "sender_email": "joshuadaniel@fuller.edu",
            "subject": "Followup to joshuadanielcodes.com",
            "message_text": "testing yet again on the error and modal properties",
            "message_sent": "2018-01-22T01:55:19.527Z"
        }
    },
    {
        "model": "main.message",
        "pk": 27,
        "fields": {
            "sender_name": "Test Message",
            "sender_email": "joshuadaniel@fuller.edu",
            "subject": "Followup to joshuadanielcodes.com",
            "message_text": "i think i fixed the modal issue -- it was an asynchronous problem",
            "message_sent": "2018-01-22T03:21:24.060Z"
        }
    },
    {
        "model": "main.message",
        "pk": 28,
        "fields": {
            "sender_name": "Test Message",
            "sender_email": "joshuadaniel@fuller.edu",
            "subject": "Followup to joshuadanielcodes.com",
            "message_text": "i think i fixed the modal issue -- it was an asynchronous problem",
            "message_sent": "2018-01-22T03:21:24.091Z"
        }
    },
    {
        "model": "main.message",
        "pk": 29,
        "fields": {
            "sender_name": "Test Message",
            "sender_email": "joshuadaniel@fuller.edu",
            "subject": "Followup to joshuadanielcodes.com",
            "message_text": "i think i fixed the modal issue -- it was an asynchronous problem",
            "message_sent": "2018-01-22T03:21:24.123Z"
        }
    },
    {
        "model": "main.message",
        "pk": 30,
        "fields": {
            "sender_name": "Test Message",
            "sender_email": "joshuadaniel@fuller.edu",
            "subject": "Followup to joshuadanielcodes.com",
            "message_text": "i think i fixed the modal issue -- it was an asynchronous problem",
            "message_sent": "2018-01-22T03:21:24.123Z"
        }
    },
    {
        "model": "main.message",
        "pk": 31,
        "fields": {
            "sender_name": "Test Message",
            "sender_email": "joshuadaniel@fuller.edu",
            "subject": "Followup to joshuadanielcodes.com",
            "message_text": "i think i fixed the modal issue -- it was an asynchronous problem",
            "message_sent": "2018-01-22T03:21:24.126Z"
        }
    },
    {
        "model": "main.message",
        "pk": 32,
        "fields": {
            "sender_name": "Test Message",
            "sender_email": "joshuadaniel@fuller.edu",
            "subject": "Followup to your pofolio",
            "message_text": "Testing once again -- to fix issue with event handler after modal closes",
            "message_sent": "2018-01-22T03:30:51.982Z"
        }
    },
    {
        "model": "main.message",
        "pk": 33,
        "fields": {
            "sender_name": "Test Message",
            "sender_email": "joshuadaniel@fuller.edu",
            "subject": "Another Followup",
            "message_text": "one more test",
            "message_sent": "2018-01-22T03:31:22.865Z"
        }
    },
    {
        "model": "main.message",
        "pk": 34,
        "fields": {
            "sender_name": "Test Message",
            "sender_email": "joshuadaniel@fuller.edu",
            "subject": "Followup to joshuadanielcodes.com",
            "message_text": "Still another test -- to change the subject parameters and attempt to fix a bug when a user attempts to send two messages in a row.",
            "message_sent": "2018-01-22T03:41:24.286Z"
        }
    },
    {
        "model": "main.message",
        "pk": 35,
        "fields": {
            "sender_name": "Test Message",
            "sender_email": "joshuadaniel@fuller.edu",
            "subject": "Followup Test #2",
            "message_text": "A second message test",
            "message_sent": "2018-01-22T03:42:34.747Z"
        }
    },
    {
        "model": "main.message",
        "pk": 36,
        "fields": {
            "sender_name": "Test Message",
            "sender_email": "joshuadaniel@fuller.edu",
            "subject": "Followup to joshuadanielcodes.com",
            "message_text": "testing the document.on function again --- added the listener to the body --- should remove a sent message modal so that a second message can be sent",
            "message_sent": "2018-01-22T03:52:06.125Z"
        }
    },
    {
        "model": "main.message",
        "pk": 38,
        "fields": {
            "sender_name": "Joshua Daniel",
            "sender_email": "em@email.com",
            "subject": "Followup to joshuadanielcodes.com",
            "message_text": "New test message!",
            "message_sent": "2018-01-30T23:03:35.923Z"
        }
    },
    {
        "model": "main.message",
        "pk": 39,
        "fields": {
            "sender_name": "Joshua Daniel",
            "sender_email": "em@email.com",
            "subject": "Follow Test",
            "message_text": "The messaging app works!",
            "message_sent": "2018-01-30T23:04:07.536Z"
        }
    },
    {
        "model": "main.message",
        "pk": 40,
        "fields": {
            "sender_name": "Joshua Daniel",
            "sender_email": "jdaniel.jobs@gmail.com",
            "subject": "Follow Test",
            "message_text": "It will send a message to my address ....",
            "message_sent": "2018-01-30T23:05:12.425Z"
        }
    },
    {
        "model": "main.message",
        "pk": 41,
        "fields": {
            "sender_name": "Joshua Daniel",
            "sender_email": "jdaniel.jobs@gmail.com",
            "subject": "Follow Test",
            "message_text": "... and a auto-generated followup message to your email!",
            "message_sent": "2018-01-30T23:05:44.717Z"
        }
    },
    {
        "model": "main.message",
        "pk": 42,
        "fields": {
            "sender_name": "Joshua Daniel",
            "sender_email": "jdaniel.jobs@gmail.com",
            "subject": "Followup to joshuadanielcodes.com",
            "message_text": "Thanks for watching my video!",
            "message_sent": "2018-01-30T23:11:47.005Z"
        }
    },
    {
        "model": "auth.permission",
        "pk": 1,
        "fields": {
            "name": "Can add log entry",
            "content_type": 1,
            "codename": "add_logentry"
        }
    },
    {
        "model": "auth.permission",
        "pk": 2,
        "fields": {
            "name": "Can change log entry",
            "content_type": 1,
            "codename": "change_logentry"
        }
    },
    {
        "model": "auth.permission",
        "pk": 3,
        "fields": {
            "name": "Can delete log entry",
            "content_type": 1,
            "codename": "delete_logentry"
        }
    },
    {
        "model": "auth.permission",
        "pk": 4,
        "fields": {
            "name": "Can add group",
            "content_type": 2,
            "codename": "add_group"
        }
    },
    {
        "model": "auth.permission",
        "pk": 5,
        "fields": {
            "name": "Can change group",
            "content_type": 2,
            "codename": "change_group"
        }
    },
    {
        "model": "auth.permission",
        "pk": 6,
        "fields": {
            "name": "Can delete group",
            "content_type": 2,
            "codename": "delete_group"
        }
    },
    {
        "model": "auth.permission",
        "pk": 7,
        "fields": {
            "name": "Can add permission",
            "content_type": 3,
            "codename": "add_permission"
        }
    },
    {
        "model": "auth.permission",
        "pk": 8,
        "fields": {
            "name": "Can change permission",
            "content_type": 3,
            "codename": "change_permission"
        }
    },
    {
        "model": "auth.permission",
        "pk": 9,
        "fields": {
            "name": "Can delete permission",
            "content_type": 3,
            "codename": "delete_permission"
        }
    },
    {
        "model": "auth.permission",
        "pk": 10,
        "fields": {
            "name": "Can add user",
            "content_type": 4,
            "codename": "add_user"
        }
    },
    {
        "model": "auth.permission",
        "pk": 11,
        "fields": {
            "name": "Can change user",
            "content_type": 4,
            "codename": "change_user"
        }
    },
    {
        "model": "auth.permission",
        "pk": 12,
        "fields": {
            "name": "Can delete user",
            "content_type": 4,
            "codename": "delete_user"
        }
    },
    {
        "model": "auth.permission",
        "pk": 13,
        "fields": {
            "name": "Can add content type",
            "content_type": 5,
            "codename": "add_contenttype"
        }
    },
    {
        "model": "auth.permission",
        "pk": 14,
        "fields": {
            "name": "Can change content type",
            "content_type": 5,
            "codename": "change_contenttype"
        }
    },
    {
        "model": "auth.permission",
        "pk": 15,
        "fields": {
            "name": "Can delete content type",
            "content_type": 5,
            "codename": "delete_contenttype"
        }
    },
    {
        "model": "auth.permission",
        "pk": 16,
        "fields": {
            "name": "Can add session",
            "content_type": 6,
            "codename": "add_session"
        }
    },
    {
        "model": "auth.permission",
        "pk": 17,
        "fields": {
            "name": "Can change session",
            "content_type": 6,
            "codename": "change_session"
        }
    },
    {
        "model": "auth.permission",
        "pk": 18,
        "fields": {
            "name": "Can delete session",
            "content_type": 6,
            "codename": "delete_session"
        }
    },
    {
        "model": "auth.permission",
        "pk": 19,
        "fields": {
            "name": "Can add skill",
            "content_type": 7,
            "codename": "add_skill"
        }
    },
    {
        "model": "auth.permission",
        "pk": 20,
        "fields": {
            "name": "Can change skill",
            "content_type": 7,
            "codename": "change_skill"
        }
    },
    {
        "model": "auth.permission",
        "pk": 21,
        "fields": {
            "name": "Can delete skill",
            "content_type": 7,
            "codename": "delete_skill"
        }
    },
    {
        "model": "auth.permission",
        "pk": 22,
        "fields": {
            "name": "Can add project skill",
            "content_type": 8,
            "codename": "add_projectskill"
        }
    },
    {
        "model": "auth.permission",
        "pk": 23,
        "fields": {
            "name": "Can change project skill",
            "content_type": 8,
            "codename": "change_projectskill"
        }
    },
    {
        "model": "auth.permission",
        "pk": 24,
        "fields": {
            "name": "Can delete project skill",
            "content_type": 8,
            "codename": "delete_projectskill"
        }
    },
    {
        "model": "auth.permission",
        "pk": 25,
        "fields": {
            "name": "Can add skill type choices",
            "content_type": 9,
            "codename": "add_skilltypechoices"
        }
    },
    {
        "model": "auth.permission",
        "pk": 26,
        "fields": {
            "name": "Can change skill type choices",
            "content_type": 9,
            "codename": "change_skilltypechoices"
        }
    },
    {
        "model": "auth.permission",
        "pk": 27,
        "fields": {
            "name": "Can delete skill type choices",
            "content_type": 9,
            "codename": "delete_skilltypechoices"
        }
    },
    {
        "model": "auth.permission",
        "pk": 28,
        "fields": {
            "name": "Can add project",
            "content_type": 10,
            "codename": "add_project"
        }
    },
    {
        "model": "auth.permission",
        "pk": 29,
        "fields": {
            "name": "Can change project",
            "content_type": 10,
            "codename": "change_project"
        }
    },
    {
        "model": "auth.permission",
        "pk": 30,
        "fields": {
            "name": "Can delete project",
            "content_type": 10,
            "codename": "delete_project"
        }
    },
    {
        "model": "auth.permission",
        "pk": 31,
        "fields": {
            "name": "Can add user",
            "content_type": 11,
            "codename": "add_user"
        }
    },
    {
        "model": "auth.permission",
        "pk": 32,
        "fields": {
            "name": "Can change user",
            "content_type": 11,
            "codename": "change_user"
        }
    },
    {
        "model": "auth.permission",
        "pk": 33,
        "fields": {
            "name": "Can delete user",
            "content_type": 11,
            "codename": "delete_user"
        }
    },
    {
        "model": "auth.permission",
        "pk": 34,
        "fields": {
            "name": "Can add message",
            "content_type": 12,
            "codename": "add_message"
        }
    },
    {
        "model": "auth.permission",
        "pk": 35,
        "fields": {
            "name": "Can change message",
            "content_type": 12,
            "codename": "change_message"
        }
    },
    {
        "model": "auth.permission",
        "pk": 36,
        "fields": {
            "name": "Can delete message",
            "content_type": 12,
            "codename": "delete_message"
        }
    },
    {
        "model": "auth.permission",
        "pk": 37,
        "fields": {
            "name": "Can add project images",
            "content_type": 13,
            "codename": "add_projectimages"
        }
    },
    {
        "model": "auth.permission",
        "pk": 38,
        "fields": {
            "name": "Can change project images",
            "content_type": 13,
            "codename": "change_projectimages"
        }
    },
    {
        "model": "auth.permission",
        "pk": 39,
        "fields": {
            "name": "Can delete project images",
            "content_type": 13,
            "codename": "delete_projectimages"
        }
    },
    {
        "model": "auth.permission",
        "pk": 40,
        "fields": {
            "name": "Can add project image",
            "content_type": 13,
            "codename": "add_projectimage"
        }
    },
    {
        "model": "auth.permission",
        "pk": 41,
        "fields": {
            "name": "Can change project image",
            "content_type": 13,
            "codename": "change_projectimage"
        }
    },
    {
        "model": "auth.permission",
        "pk": 42,
        "fields": {
            "name": "Can delete project image",
            "content_type": 13,
            "codename": "delete_projectimage"
        }
    },
    {
        "model": "auth.user",
        "pk": 1,
        "fields": {
            "password": "pbkdf2_sha256$36000$Cbvft8V2zBMp$WMZxrjyEp9DbM2xDHu8YgPpIX12w1NkYOzLOmcvJQSg=",
            "last_login": "2018-02-07T23:10:50Z",
            "is_superuser": true,
            "username": "jvod4life",
            "first_name": "Joshua",
            "last_name": "Daniel",
            "email": "jvod4lifejk@hotmail.com",
            "is_staff": true,
            "is_active": true,
            "date_joined": "2018-02-06T22:20:38Z",
            "groups": [],
            "user_permissions": []
        }
    },
    {
        "model": "admin.logentry",
        "pk": 1,
        "fields": {
            "action_time": "2018-02-07T23:27:49.971Z",
            "user": 1,
            "content_type": 4,
            "object_id": "1",
            "object_repr": "jvod4life",
            "action_flag": 2,
            "change_message": "[{\"changed\": {\"fields\": [\"first_name\", \"last_name\"]}}]"
        }
    }
]